school,HS1_pred,HS2_pred,HS3_pred,HS4_pred,HS5_pred,HS6_pred,HS7_pred,HS8_pred,HS9_pred,HS10_pred,HS1_actual,HS2_actual,HS3_actual,HS4_actual,HS5_actual,HS6_actual,HS7_actual,HS8_actual,HS9_actual,HS10_actual
Reservoir HS,9.700109871467491,10.0,1.9994506426625516,0.9487090102569962,10.0,2.399011156792593,7.249862660665638,1.448434331588273,8.20010987146749,10.0,4.2,5.7,5.0,6.0,5.0,6.0,8.0,6.8,5.2,9.0
William Ruthven SC,6.055296775037031,3.6932504270007627,5.0,6.757263989811033,5.757263989811033,6.68153759082993,8.0,8.011622383697654,6.10871678777324,9.0,9.5,6.8,3.0,3.3,10.0,4.2,7.5,4.3,8.0,10.0
Preston HS,8.231190693963157,6.536662219501787,3.4787959645422046,3.946374552131976,8.803010088644488,4.630916368087984,7.619698991135551,4.898494955677755,7.329685649640913,9.760602017728898,9.1,0.4,5.0,8.0,7.0,7.8,8.0,10.0,7.6,9.0
